"","Year","Seas","FltSrv","Gender","Part","Nsamp","1","2","3","4","5","6","7","8","9","10","11","12","13","14","15","16","17","18","19","20","21","22","23","24","25","26","27","28","29","30","31","32","33","34","35","36","37","38","39","40","41","42","43","44","45","46","47","48","49","50","51","52","53","54","55","56","57","58","59","60","61","62","63","64","65","66","67","68","69","70","71","72","73","74","75","76","77","78","79","80","81","82","83","84","85","86","87","88","89","90","91","92","93","94","95","96","97","98","99","100","101","102","103","104","105","106","107","108","109","110","111","112","113","114","115","116","117","118","119","120","121","122","123","124","125","126","127","128","129","130","131","132","133","134","135","136","137","138","139","140","141","142","143"
"1",1993,0,1,0,0,0,0,0,0,0,0,0,0,0,0,0,0,0,0,0,0,0,0,0,0,0,0,0,0,0,0,0,0,1.05979060693888e-05,3.5501692928619e-05,0.000134086434528477,9.60812391117551e-05,6.4370664413003e-05,0.00011468989905535,0.000165548761307946,5.87350382854408e-05,0.000115783199766345,0.000181153278329944,0.000318994025628112,0.00012202498121615,0.000282525649319739,0.000479651045495849,0.000594010956913248,0.00141897388962534,0.00158236681638083,0.00199461299765851,0.00315920123238615,0.00327434006764664,0.00434151024929582,0.00658577744434226,0.00783903659712589,0.0121646967113236,0.0142901140086373,0.0149322816096493,0.0190499165100998,0.0184258431709343,0.0181983619598809,0.0187089880182865,0.0162052957242244,0.0156778264236725,0.0154933094997811,0.0132269033640683,0.0125712466193093,0.00897833949792741,0.0129434264280959,0.0120923480427792,0.0139943691976199,0.0146143029693203,0.0130007023384611,0.0151152717918497,0.0166087305875975,0.0181490661843182,0.0157004192151532,0.0175622574557077,0.0191428096655112,0.0196360233446375,0.0183347414199297,0.0205347435161251,0.0253093912590615,0.0228795506838623,0.023396352630554,0.024491336302185,0.0303033953355592,0.027644444910224,0.0299264710147775,0.0302445479917627,0.0302928451067515,0.0243284714448151,0.0230105301536552,0.0225150169276841,0.0203803247753897,0.0174044553614251,0.0171959702809832,0.0167272307010168,0.015709254578626,0.0160573370127225,0.0139140807415668,0.0126059334399984,0.0136480942514014,0.0135142395165131,0.0117152365783723,0.00857682363639028,0.0102984868794954,0.00554498628191848,0.00764506744992742,0.00817587646778739,0.00447224784209389,0.0032500208136812,0.00192261859999045,0.00138688830431191,0.00146708277084722,0.00146115180997963,0.00019613049041803,0.000717378028035754,0.000904177332384016,0.00208781550855713,0.000340493292561506,1.63341509809385e-05,0,0,0,0,0,0,0,0,0,0,0,0,0,0,0,0,0,0,0,0,0,0,0,0,0,0
"2",1994,0,1,0,0,0,0,0,0,0,0,0,0,0,0,0,0,0,0,0,0.000148525344923909,0,7.42626724619543e-05,0,0,7.42626724619543e-05,0,0,0,0,0,0,0,3.31936672159827e-05,5.93334092027374e-05,0.000512823334185402,0.000179390923826082,0.000181808633297848,7.93961583568619e-05,0.000516895923704872,7.27950049639328e-05,0.000187467782242632,0.000195537369134996,0.000533902728374353,0.000590233894105685,0.00053001475907689,0.000812496557435611,0.00182699231870707,0.00268900810058641,0.00233658648176313,0.00175246231006291,0.00297174685214797,0.00358720712312202,0.00403499366600158,0.00530776819213315,0.00595909030322224,0.00665610603972395,0.00669786625712872,0.00672933484784909,0.00842635104975369,0.00829421639428322,0.00971144334396193,0.0108228564416623,0.0146221385790796,0.0141062203172433,0.0170840261391058,0.0165440720894816,0.0205196322311815,0.0201782579601741,0.0199021357553615,0.0243302856634615,0.0220604706240358,0.0245249674422675,0.0259433939756742,0.0245295260128999,0.0223469522282262,0.0238327296384629,0.0227696842194303,0.0257902054186553,0.025135734550589,0.0239938288034364,0.0230367081472775,0.0219696572040635,0.0204689077524241,0.0200244211601665,0.021052155215479,0.0220657946554834,0.0231426725362613,0.0214110239449696,0.018312782164827,0.0184579637695336,0.0222095058910355,0.0230532116985471,0.0211053042100616,0.0235341737571469,0.0268387496894511,0.0205373041150289,0.0160948946423327,0.018047469200643,0.0154815803952919,0.0183292387813041,0.0119326077391916,0.0120022245555928,0.01370219896447,0.0138752322043777,0.0128597917547705,0.00746051890866727,0.00536036255672615,0.00648804632449461,0.00466422952800297,0.00338172606245228,0.00391271687767707,0.00164741916330584,0.00132510255448521,0.00094562287812914,0.00162351233873747,0.00050427782881068,0.000636323488618722,0.000699526957819604,0.000141181469459059,0.000279277266407227,0.000304293774788134,0.000123685931732437,7.48737910891694e-05,3.26505221061578e-05,4.84454209127391e-05,0,0,0,0,0,0,0,0,0,0,0,0,0,0,0,0,0,0,0,0,0,0,0
"3",1995,0,1,0,0,0,0,0,0,0,0,0,0,0,0,0,0,0,0,0,0,0,1.67233720807851e-05,0,0,0,9.56923493232904e-05,5.82595642978279e-05,0.00032085206538847,0.000878102256179456,0.00107118501478168,0.00168664402010249,0.00198985643582888,0.00319364798037817,0.00318211706880371,0.00310002642984477,0.0034026524604346,0.00470405285019179,0.00306311066350317,0.00211596099759386,0.00179252408969589,0.00118202420338775,0.000799956562491189,0.000469990913426977,0.000791331921662208,0.000551585645348659,0.000733662212462101,0.000442594187410174,0.0012212349733259,0.000370115511571037,0.000839928141262507,0.000679098380557599,0.00092914691571803,0.00178287652237396,0.00151738392578209,0.00137242315030417,0.00214840373940035,0.0024559181351257,0.00292377842119462,0.00351051646233493,0.00321459238225479,0.00634857328255473,0.00565232020748589,0.00666989300089549,0.00676444696340259,0.00931976880583965,0.00775993552397942,0.00999438535945728,0.0104499089248083,0.0122917725138405,0.012100801508367,0.0135163978537804,0.0150502057521813,0.0168474515023267,0.0174196945355655,0.0205072119782498,0.0197059330725411,0.0216522477180777,0.0211758052390631,0.0248066659525508,0.0296538676288887,0.0254882126210164,0.0255917910495636,0.0273147987683167,0.0260074128714096,0.0315650627724107,0.0267037578201064,0.0264603718171763,0.0218025639557889,0.0215335076357161,0.025908387542569,0.0218783521225771,0.0188924045621391,0.0201149169712741,0.0186650992262148,0.0250449444974604,0.0160082266889079,0.0182532989480192,0.0203822605986575,0.0210258997609481,0.019442724552868,0.0192203011677521,0.0178880459383239,0.0153469274904515,0.0174253151405171,0.0198204186382914,0.0125576764756856,0.0131482589906856,0.00968903521692854,0.00945863438070955,0.0113043163720373,0.00787838147494549,0.00558674713300544,0.00646025958367784,0.00645114002952348,0.00952060849701274,0.00229416089829374,0.00532187885618377,0.00149563738156598,0.00183537775912258,0.00140147883398278,0.00112374471001934,0.000182157004125587,0,0.000150527176546973,5.97188177918309e-05,0,0,0,0,0,0,0,0,0,0,0,0,0,0,0,0,0,0,0,0,0,0,0
"4",1996,0,1,0,0,0,0,0,0,0,0,0,0,0,0,0,0,0,0,0,0,0,0,0,0,0,0,0.000376441296764833,0,0,0.000566745287291792,0,0.000552768523711864,0.00103494162013449,0.00316477598394132,0.000742144457630342,0.00183179163140323,0.000827832877564045,0.000623010240266562,0.0024561248071536,0.000684272407217301,0.000741232804857734,0.00328218041871475,0.0021717726852077,0.00229479241910986,0.0029459511055203,0.00273283457880796,0.00249635963653005,0.00345239759883687,0.00373425807788292,0.00550619510563303,0.00541188895977772,0.00497618178115578,0.00522732241222992,0.00538265415751547,0.00547718912408172,0.00591512851902838,0.00647874504244848,0.00812839930343373,0.00668591750176454,0.00580727308807283,0.00492913917799795,0.00803753090605861,0.00665885770717685,0.00736271319301516,0.00784291364133986,0.00771105807594896,0.0100061129989725,0.0119581295873828,0.0105316574785572,0.0133610910452465,0.0137500356036624,0.0139649740352369,0.0149538878135911,0.0129774542386045,0.0172530317670753,0.0157773711856872,0.0177497057843257,0.0194123192676644,0.0190749700119443,0.0239573171080719,0.0228034132071512,0.0203152662608387,0.0190799645691096,0.0245564785719055,0.0281743976935103,0.0295638223055625,0.0271292205880863,0.0268777784468376,0.0274712574400656,0.0322575157126177,0.0327519256079565,0.0274406940724343,0.0233038641979796,0.0266163496824698,0.030472775197019,0.0215109811508069,0.0229153802816627,0.0220756633026375,0.0209081579970432,0.0165143517796536,0.0141672614309286,0.0153730757625123,0.0137315652345374,0.0134805667081078,0.0147685319238999,0.00997211972106411,0.00697741244911254,0.00753778572787854,0.0068731393040869,0.00772439551899941,0.00485887756555516,0.0047665319493651,0.00361839228392761,0.00329732033999784,0.00369711632909412,0.00182910651542084,0.00276981719221563,0.000796420575768763,0.000597311302529003,0.000148597803053743,0.000177184575896354,0.000101594806121356,8.09488265107503e-06,0,0,0.00011987687891483,0,0.000162309358284477,0.00018286686682985,0.00026837620030474,0,0,0,0,0,0,0,0,0,0,0,0,0,0,0.000275298646345103,0,0,0
"5",1997,0,1,0,0,0,0,0,0,0,0,0,0,0,0,0,0,0,0,0,0,0,0,0,0,0,0,0,0,0,0,0,0,7.95737086006456e-05,4.37182815940868e-05,0,0.000663584646312119,6.41108066555586e-05,0.000312007793349453,0.000312850942131808,0.00040547805124496,0.000207300888846111,0.000274869802213395,0.000727915824801257,0.000577181506280336,0.000543366584059513,0.000694825006353951,0.000752516189797496,0.000619602427659462,0.00104094903625938,0.00139471797183421,0.00266711304814112,0.00227185255545894,0.00300516753457123,0.00311534848912947,0.00617874040247738,0.00517639216177568,0.0057965264102879,0.00778657488993146,0.00930904477361759,0.0113617811477852,0.0136035407524192,0.0133883904347164,0.012054580975587,0.0137556213398162,0.0190465719145652,0.0160412822558666,0.017603601027168,0.0143034129203581,0.0140566611255978,0.0110717587060404,0.0123857311167191,0.0111000034064817,0.0128423252519191,0.011823925246403,0.0139347071213907,0.0144925289195579,0.0140065501419409,0.0130673466809364,0.0144744965445488,0.0185718951720077,0.0176690542522759,0.0149623195761545,0.0191152952165609,0.021353693768594,0.0249228328660054,0.0276095205246384,0.0240181324710637,0.0235009732063615,0.0229769642924301,0.0232739850481191,0.0226477655345452,0.0226203909063962,0.0233976787009284,0.0204055329802188,0.0274359790886723,0.0250670863039307,0.0250632984446676,0.0250012105061764,0.0221642553033512,0.0227662844059351,0.0185269353124412,0.0210842251605898,0.020577437668101,0.0177051551842515,0.0196340844906597,0.0140335361830293,0.0139023389140058,0.0124411567920769,0.0104665199482429,0.0093926479140698,0.00726689956828989,0.00576314143254578,0.00614401053154051,0.00430873037644283,0.00334655511195767,0.00279772728468722,0.00195969446035967,0.00164000329660168,0.00133323029663966,0.00181612835599314,0.000645369754140027,0.000282004937347379,0.000704649100903851,0.000342307709304756,0.000613404413576991,0.00029181046996577,0,0,0,0,0,0,0,0,0,0,0,0,0,0,0,0,0,0,0,0,0,0
"6",1998,0,1,0,0,0,0,0,0,0,0,0,0,0,0,0,0,0,0,0,0,0,0,0,0,0,0,0,4.9209046991734e-06,5.8606458376503e-06,5.8606458376503e-06,5.10669147320604e-05,0,5.02757097064831e-05,0.000130568065578707,0.000455875204327455,0.000553364156583851,0.000514566359610658,0.000914984108112829,0.000893115103374711,0.00138622301048008,0.00138043649195281,0.00157512277729254,0.00126909952556161,0.00181276479149074,0.00215156552632718,0.0021236453864749,0.00208744840083925,0.00301616242346139,0.00318159670068404,0.00387136670348949,0.00436058332640256,0.00497918954793795,0.00631792509573645,0.00579926071783691,0.00749605479241103,0.00719817079519038,0.00732270889909888,0.00817243521502941,0.00897557311574308,0.00828957235304078,0.00942111408759003,0.00895347656029021,0.0100924455622062,0.0113806231919873,0.012366930851141,0.0135346378141526,0.0147401890906597,0.0156578735349828,0.0183362968187246,0.0196797236997319,0.0214087108919632,0.0210919776115011,0.0230387523576307,0.025118727096526,0.0309771114492033,0.0277653829894566,0.0263113221603149,0.0268858154271595,0.0251726572621334,0.0278871496293088,0.0231756528706014,0.0227820039217067,0.0229531387431189,0.0219111649966036,0.0228245416554392,0.0203849097493509,0.0194121521548218,0.0198105740961533,0.0177711049092324,0.0177670721720342,0.0170154734829755,0.0157031717310394,0.0173428016734766,0.015341057168863,0.0190954109198389,0.0164268723239484,0.0139596308066383,0.0159455503061088,0.0151299476192803,0.0140711713119651,0.0146084021558581,0.0132055387269256,0.0143960963304448,0.0126545237135086,0.0132754993757769,0.0109978985233459,0.00950280468934789,0.00935033583560491,0.00821664096046104,0.00881648983060841,0.00707213448867856,0.00482454890068782,0.00430897209241857,0.00352279630525388,0.00308783095108111,0.00194409896233756,0.0012264456100771,0.000988642497945577,0.000637912262214915,0.000792750740041916,0.000497264748291922,0.00035160682571472,0.000127471603301452,0.000253031137113429,0.000105976275788445,5.15548629806208e-05,5.62088454486783e-05,0,7.71486587373163e-06,1.01985886453182e-05,0,4.73251491525946e-05,1.28209228201947e-05,4.23993410782631e-06,4.76193445309642e-05,0,0,0,0,4.91982886712864e-06,0,0,0,0,0,0,0,0
"7",1999,0,1,0,0,0,0,0,0,0,0,4.22880564110674e-05,0,0,0,0,1.29213240129135e-05,0,0,0,0,0,0,0,0,0,0,0,0,0,6.59418898300636e-05,5.12633432667819e-06,8.31483953014346e-05,0,3.50083452517345e-06,4.52824344512451e-05,9.39208207238826e-05,0.00019564414416742,0.000120911679859384,0.000118274508379759,0.000667912281279045,0.000663559189331596,0.000376538045378544,0.000745266472424886,0.0007725598616984,0.00116691701320266,0.00183731484851036,0.00159113405249266,0.00327020707537293,0.00267194847601712,0.00383006861392922,0.00370526266125247,0.00564432265178411,0.00800064997490073,0.00590847913828206,0.00819661545730558,0.0092621300432793,0.00968500583571383,0.00909245511985849,0.00870330166356974,0.0104853530978191,0.0103399540568377,0.0105605038360298,0.0128667501581819,0.0114176666544041,0.0117067734689059,0.0134561502269994,0.0141467329074154,0.0153424053753267,0.0138746494323034,0.0160044186548347,0.0147769968968663,0.0144022941638771,0.0166070424731022,0.0176032061718218,0.0182370303562502,0.0174619125465387,0.0213218330949443,0.0233029699399532,0.025917300069499,0.0245264568950216,0.0239533372698731,0.0284038635618342,0.0280568625402562,0.0272438875730598,0.0271651912750835,0.0291033477420454,0.0281741355846029,0.0291029676472424,0.0271788393358387,0.0263327003075582,0.0243519173941551,0.0256367069155811,0.0216798573453162,0.0184638530129639,0.019438610359469,0.0167744936253814,0.0134723794970334,0.0116450966579312,0.0129400993920942,0.0110471948658002,0.0130073179469914,0.0105813009898566,0.0135046748800026,0.0117836188210371,0.0104581606334696,0.0102458252622356,0.00973271308145356,0.00793600646055431,0.00880171626202319,0.00724924649197403,0.00587374945099832,0.00451252060718082,0.00444418619798957,0.00293056491108499,0.00266575410583709,0.00110299659636298,0.00144590520981441,0.000978092065515918,0.000615216905935567,0.000499228997666484,5.07103912168638e-05,0.00018018279884212,4.01702557505819e-05,8.40651701531068e-05,8.31679496879963e-05,1.66685172903969e-05,1.19867628421681e-05,6.77234208632085e-06,6.77234208632085e-06,9.260235764263e-06,1.95480393348444e-05,0,0,0,0,1.95480393348444e-05,0,0,0,0,0,0,0,0,0,0,0,0
"8",2000,0,1,0,0,0,0,0,0,0,0,0,3.26999345618325e-05,0,0,0,0,0,0,0,0,0,0,0,0,0,0,0,0,0,2.65485747575388e-05,0,0,0,8.14525610855941e-05,0.000387871360400057,6.68574284690434e-05,0.000119078837865182,0.000423070959603374,0.000229069160156416,0.000115243258351527,4.8027767261789e-05,0.000286517249285393,0.000420822283331109,0.000862269428314516,0.000728245232984257,0.00135488858868466,0.0020821092155004,0.00395482099695001,0.00287294672191984,0.00609370418887329,0.00602938045985182,0.00531863951696046,0.00686653184034928,0.0060768672590076,0.00605736813446767,0.00829805127782541,0.0101462202803925,0.012641128773071,0.0143932616858639,0.0109671750994098,0.0144381429002445,0.0153956913898134,0.0160504374811971,0.0168217436992335,0.015317345514616,0.0156527370718435,0.0166181581044735,0.017951281771692,0.0180022292892348,0.0179444179179258,0.0181982650194861,0.0186299458998963,0.0188376611498531,0.018910008983141,0.0204786619293842,0.0187452456832404,0.0215398026569773,0.0196538235722498,0.019494492748291,0.0198565510007543,0.0213587295588027,0.0193945510651168,0.0184790029705448,0.0182513432857308,0.0197685887272783,0.0195925484810926,0.0214361180671185,0.0196187830501581,0.0194263618161481,0.0184759154269657,0.0232010340942634,0.0203154861510936,0.0207625066152642,0.0233183887208105,0.0234013616114734,0.0194608868724323,0.0209517571133661,0.0179906936008749,0.0163722988030345,0.0147223760195586,0.0149302750793677,0.0127245137143657,0.0122525392963437,0.0114071615930037,0.0125684485757373,0.00928680476988774,0.0095783542883042,0.00909959320247217,0.00875557255549721,0.00792448843169881,0.00568955110261937,0.00606721572044508,0.0049352526085046,0.00349015435204722,0.00308767109440738,0.00189956444276433,0.00177895122010718,0.000938360376800478,0.00039156616759529,0.000377173988643314,0.000457522167094752,0.000209769273710462,4.5543779048994e-05,4.55688895427691e-05,5.91089893197058e-05,3.70132352120757e-05,8.4023401861982e-05,1.70390944238652e-05,1.34350618660142e-05,0,1.66680775304036e-05,0,0,1.48515395458085e-05,0,0,0,0,0,0,0,0,0,0,0,0,0,0
"9",2001,0,1,0,0,0,0,0,0,0,4.12667899279553e-05,1.55094689190286e-05,0,0,0,2.24502592912212e-05,1.25684654049798e-05,0,0,0,0,0,0,0,0,0,0,0,0,0,0,0,1.37882630340228e-06,1.11243442525595e-05,0.000320750460170794,9.11551897679075e-05,0.000197296945696618,7.45667821097413e-05,0.000518444894201453,0.000247515314809918,0.000392751756959281,0.000715186530478324,0.00108280010007792,0.00112526850279337,0.00111730891199425,0.00181638931235122,0.00212002452306511,0.0027410188572365,0.00285871849444893,0.00398975671909876,0.00395114906739092,0.00395932485582454,0.00514529860447441,0.00592335846372725,0.00646604522274429,0.00731256387719244,0.00851797458414608,0.00988980684927222,0.0111872973862088,0.0108516793454121,0.0123659713013781,0.0140145942359047,0.0141125930721337,0.0154969776109528,0.0162001043396347,0.0181435907381577,0.020883168684033,0.0226669362399222,0.0267293518433618,0.0223709412151182,0.0251195245218695,0.0263732975609319,0.0285690994265488,0.0299171691010764,0.0298293628085107,0.0308788195260416,0.0325551799599169,0.0319099040054636,0.0282407617512388,0.0293517174222982,0.0264107639551594,0.0264288713830393,0.0245032979604954,0.0191093811126282,0.0194944522145634,0.0182786728992574,0.0174079473214951,0.0175670872561494,0.0190533254651403,0.0164053217512835,0.01460436110115,0.0135039662904154,0.0135658159209359,0.0132168634529998,0.0131422172523039,0.0133198481340082,0.0116048904887905,0.010020041893861,0.0104540530955749,0.00974069931303628,0.00962233700654322,0.00959848774957378,0.00858311319449153,0.00861652900886276,0.00831053233495158,0.00951177387113167,0.00677818487003713,0.00616448777305626,0.00574572433968178,0.00533549610059549,0.00494375475370262,0.00380656841145349,0.00300161236719346,0.00314738093836075,0.00195940783270193,0.00253020667941764,0.00106994808277649,0.00111277697971492,0.000821710371327583,0.000363174920388453,0.000815894307513845,0.000284925135613209,0.000206588067098478,0.000393813627951478,0.000336563643764696,0.000287324871325283,2.77424046252128e-05,3.51397923839238e-06,8.86648637210299e-05,7.65637393757155e-06,0.000133026296103953,0,0,0,0,7.65637393757155e-06,0,0,0,0,0,0,0,0,0,9.64403566528155e-05,0,0,8.28878002146667e-06
"10",2002,0,1,0,0,0,0,0,0,0,0,0,0,0,0,0,0,0,0,0,0,0,0,1.80666007124705e-05,0,0,0,0,0,0,1.80666007124705e-05,0,2.37909240166476e-05,4.54350050129251e-05,0.000164079159959355,3.19230462987816e-05,0.000195006647983388,0.000264795283933649,0.000231504130331428,0.000355106204728679,0.00128225475437178,0.000584597700046504,0.000704299930248225,0.000765919667071743,0.000862593193050986,0.00173406440745234,0.00156598819645878,0.00148083570501748,0.00173932265992977,0.00261779126617381,0.00199160950195101,0.001990730690194,0.00331388754563693,0.00377692890011544,0.00432618345568771,0.00377005287833379,0.00507730282000593,0.00410755572566255,0.00517631304497334,0.00409134651731751,0.00517328882660398,0.00355002656806335,0.00334177540896797,0.00419622936811775,0.00377156010677088,0.0044244102043284,0.00550678346095914,0.00513815624202068,0.00860721622451953,0.00723828310349566,0.00946264248346875,0.0131894192682017,0.0164350205609964,0.0166409050332048,0.0205520772654653,0.0203036368360778,0.0260966573729464,0.0309632766210524,0.0301290536815377,0.0325974258732502,0.0318130451012427,0.0367864961682863,0.0348639238279679,0.0373438559800787,0.0359305759667371,0.0350885827019285,0.0346402274479913,0.0365537259723222,0.0321089295094099,0.0317155696970987,0.0317458447619202,0.0287155396189714,0.0261177127125537,0.0293950557186181,0.0210224146513352,0.0175745201606783,0.0175086958393054,0.0155615626995541,0.01526877862813,0.01589211060274,0.0139249853077369,0.0119675071922586,0.0107887683513424,0.00926642893249384,0.00882727484709811,0.0100146361628545,0.00793208352567271,0.00759065796963911,0.00652086863733147,0.00750455472497237,0.00465854267462175,0.00438269969125638,0.00296327137045906,0.00204563127231891,0.00220402205053794,0.00179307947490491,0.00111736981409408,0.00048528698272406,0.000478288607111089,1.16546845459956e-05,3.59679124250032e-05,0.000157824860536208,0,5.553406712361e-05,6.96445633005304e-07,0,0,0,0,0,0,0,0,0,0,0,0,0,0,0,0,0,0,0,0,0,0,0,0
"11",2003,0,1,0,0,0,0,0,0,0,0,0,2.03673452014756e-05,0,0,0,0,0,0,0,0,0,0,0,0,0.000106609998227391,0,0,0,0,4.50211141162968e-08,0,0,2.5333353653391e-05,4.02719525527033e-05,7.72606708674349e-05,9.08777513591937e-05,0.000418366212667459,0.000605796630001445,0.000414492365548565,0.000605967866599846,0.000668584377881734,0.0006970688371668,0.000786703626323064,0.000369096017815443,0.000780070284585809,0.0010788361284484,0.00150704543438089,0.0019170632020915,0.00219654389994334,0.00331418553493605,0.00321979284294182,0.00388936617894542,0.00330674798554172,0.00381117162985193,0.00465899895019434,0.00611357243763929,0.00587006934174437,0.0062646260929815,0.00582843325812483,0.00539087768532882,0.0076438212760716,0.00856378794286097,0.0060194886332126,0.00662043283506406,0.00840070393688878,0.00770895963378911,0.00775507204784627,0.010867635313023,0.00853587333703154,0.0090673993521312,0.0133370346685968,0.0113970458989825,0.0106105971214728,0.0135885068607371,0.0147357148741617,0.0159574568876417,0.0153711239766811,0.0151743832171568,0.0146060307376681,0.0161914834590888,0.0164750848280356,0.018038983394513,0.0189855969840482,0.0236359144188547,0.0258137750234723,0.0271759731058611,0.027563836768729,0.0316874344517656,0.0329135751693417,0.0377649668067938,0.0354657175751703,0.0334079389142882,0.0347470832874657,0.0350936052954819,0.0355011170203996,0.0314505567292742,0.0262958234529737,0.0288148453231949,0.0237155691561474,0.0229027984965778,0.0199075201279636,0.0174372311260741,0.0150449851440671,0.0148530811855369,0.0154645041565693,0.0104545372843493,0.010359416177661,0.00797747677359536,0.00728377318379761,0.00586189086305312,0.00496287470242679,0.00333943884464762,0.00357528265323545,0.0023845777542966,0.00238661193296194,0.00165149130021667,0.00133529748352637,0.000607488047040295,0.000329326160178842,0.000212054219568898,0.000165628907388071,0,0.000499091964301564,4.00212259653535e-05,0.00014955111311238,0,0,0,0,0,0,0,0,0,3.98565413108038e-05,0,0,0,0,0,0,0,0,0,0,0,0,0
"12",2004,0,1,0,0,0,0,0,0,0,0.000272105256492262,0,0,0,0,0,0,0,0,0,0,0,0,0,0,0,0.000116146802434946,0,0,7.15840523392202e-05,0,3.72130638242363e-05,2.50448685825408e-05,7.44261276484726e-05,8.09407841402457e-05,8.92102728480526e-05,0.000121352577741114,0.00022438395600993,0.000403950910829663,0.00026535574263377,0.00096131582795694,0.000884636038092682,0.000897370693612872,0.0014812405960849,0.00164245467445232,0.00203388056965085,0.00293208483545509,0.00149596401037757,0.00182324581615399,0.00179719173706347,0.00167815381897437,0.00220166310152985,0.00267399405202518,0.0031012723391858,0.00400449513674503,0.00368145268637746,0.00512504909315946,0.00552378418945326,0.00777343547647018,0.0066545111026201,0.00795535358778381,0.00912301124617633,0.00817235627914523,0.0113538855131479,0.00897176137450959,0.00943321626528461,0.0108722205327369,0.0113938521958215,0.0121783419126363,0.0117628212256899,0.0161262569081641,0.0158682422091231,0.0189499485717264,0.0168880955177821,0.0210334577633968,0.0217919947105423,0.0253391065391141,0.0242301461520689,0.0209835847043805,0.02706145401041,0.0210728575063861,0.0250672074912286,0.0283262605039454,0.0240173870356165,0.0265966081294448,0.0263260314601973,0.0261429412601242,0.0254585258198516,0.0257089334035471,0.0236448273103845,0.0215510124321801,0.0215845039073581,0.0211706960065548,0.0194537457527098,0.0190241154590991,0.0172656933049535,0.0181905624671987,0.0177644626073144,0.0202211753120293,0.0169310575268879,0.0174900353103884,0.0167835245141007,0.0191696119166986,0.0191345711294383,0.0139646758635415,0.0182182480648193,0.0136478363265953,0.0124658941331357,0.00894979164088923,0.0102842916540269,0.006845614255982,0.00701035115027229,0.00394769954279345,0.0042679045571987,0.0050263414585996,0.0031994035200598,0.00174703930822106,0.00110255526224042,0.000854257886039114,0.000283132562761739,9.33343932162339e-05,6.29263843721672e-05,1.23686481429041e-05,0.000118828500654605,0.000110041124044372,4.54446711341911e-06,0,0,4.85542970357013e-05,0,0,0,0,0,0,0,0,0,0,0,0,0,0,0,0,0,0,0,0
"13",2005,0,1,0,0,0,0,0,0,0,0,0,0,0,0,0,0.000157515286771249,0,0,0,0,0,0,0,0,0,0,0,0,0,0,0,0,7.49451355177615e-05,1.91816327034614e-05,1.46816789751771e-05,1.2109931150814e-05,5.52469546067098e-05,9.90229710650571e-05,0.000140907529866573,0.000146538270212149,0.00047604496489688,0.000130775721933065,0.0001419218471148,0.000258507600368419,0.000385001433708731,0.000636377323656731,0.000377234229419379,0.000533000071578441,0.000919479426529953,0.000950955901168898,0.00179424563200051,0.0013387281708671,0.0016662915049711,0.00209848577127673,0.00326385041079093,0.00359832525117291,0.00368267544764637,0.00317211946135614,0.00483030322503585,0.00419417439915413,0.00574628707602677,0.00570375350244437,0.00543623949752482,0.00834841066975905,0.00806912692278461,0.00799690795006671,0.00943932576783766,0.0107011023039492,0.0111029097690706,0.0110863627971858,0.0113781353069147,0.0122288885977033,0.0165082792074811,0.0161566949329033,0.0203544403256607,0.0203330356185173,0.0217716991911601,0.0254322382838625,0.0270681911161234,0.0319170931131743,0.0290042186569451,0.0317878537228157,0.0323892229689927,0.034065563120155,0.0403940867020858,0.0366066200838945,0.0370378656208159,0.035355346643274,0.0294707765422845,0.0310387904879313,0.0261688204818952,0.0271839561638571,0.0218869948057399,0.0210963910282335,0.0225624871785119,0.0205746524077081,0.018569034154185,0.0217067664336689,0.0163695866635646,0.0143837759777421,0.0143774692053108,0.0137587485319182,0.0110922318022423,0.0131428430093115,0.00978960139495146,0.00964644676221034,0.00797822346221471,0.00964860511285758,0.00858074615385912,0.00841980248948039,0.00597640353109162,0.00446974833464984,0.00343985351978162,0.00297552253727196,0.00221958886203586,0.00150545361684761,0.00114096296193449,0.000612332418716426,0.000406099556612372,0.000315887957544619,0.000274978242231968,4.24071940939715e-05,0.00012682453743606,0.000119606150155658,1.59293168586631e-05,0.00010436766984506,6.33602310223029e-05,0,5.48939870258247e-05,0,2.12394871787886e-05,0,7.92429833418729e-05,0,0,0,0,0,0,0,0,0,0,0,0,0,0,0
"14",2006,0,1,0,0,0,0,0,0,0,0,0,4.06536849702829e-05,0,0,0,0,0,0,1.38545279114679e-05,0,0,0,0,0,2.31757601252267e-05,0,0,0,0,1.30950639341306e-05,0,1.38545279114679e-05,0,0,1.38545279114679e-05,0.000176333110934168,5.639777333302e-05,0,0.000117792383208651,9.62703313092425e-05,0.000106326408234351,0,8.91638527159456e-05,0.000285285740558133,0.000303169781034538,0.000398192945543747,0.00100592485945612,0.00140329998289336,0.00137734957447483,0.00125483312167749,0.00178397190400227,0.00305550257864692,0.0033283187014512,0.00439265248963537,0.00394927608117793,0.00476532559488501,0.00628450155957568,0.00520285800143896,0.00593792286469042,0.0054820516148181,0.00706412949204444,0.0083287299270799,0.00805440450633525,0.00845922063669552,0.0113999263376609,0.011586609799652,0.0112748203090718,0.0122390295884458,0.015220848884892,0.0150138162571887,0.0122810490022707,0.0140265182269513,0.0174456960006391,0.0138850249818422,0.0148003614286595,0.0172128216709263,0.0159855976816353,0.0175854636681948,0.0203666842878443,0.0193234384818493,0.0218998052768388,0.0210987461234347,0.0240077461574607,0.0264757924225296,0.0278200095723664,0.0263138943099711,0.029219809649571,0.0281167538531205,0.0322040888411875,0.0286534123785305,0.0312195724283783,0.0301995274178621,0.0304437622708971,0.0276061315974351,0.0272335529579939,0.0255223961182023,0.0224563083008417,0.022630642080069,0.019088811236097,0.0174893160106034,0.0150854770025871,0.0156381169726887,0.0122963193009541,0.0112608139126657,0.0128921067119549,0.0114995343694252,0.0130298842958518,0.0100148139607086,0.00835002922719108,0.00837798312790174,0.00719413701274631,0.00649939162945699,0.00585442261952887,0.0055208588068822,0.00396250855335566,0.00262977325906091,0.00189446829312959,0.00253405874789326,0.000934442798319974,0.00115054156952051,0.000125978274709858,0.000206301408873597,0.000269757203992004,7.83868516466655e-05,0.000183498688177226,8.39066670962354e-05,0.00010154762085642,9.03101815442964e-05,0,0,0,0,0,0,0,1.51514095508949e-05,0,0,0,0,0,0,0,0,0,0,0,0
"15",2007,0,1,0,0,0,0,0,0,0,0,0,0,6.47239905565444e-05,0,0,0,0,0,0,0,0,0,0,0,0,1.5799497673958e-05,0,0,7.96901392607893e-05,0,9.38705138076596e-06,0,0.000198624325024185,6.97642877552168e-05,0.000100072564135419,0.000272532075263241,0.000389536213402736,0.0002080365833142,0.000181104631306658,0.000965347884480858,0.000305304972278227,0.000868766609877046,0.000277386225910449,0.000386046622450349,0.000784405723823457,0.000592201113985111,0.000614004140464241,0.00096776372383469,0.000659450663421148,0.00130713331260593,0.000940358086596451,0.00127759697109645,0.00128129549687555,0.00152354995572856,0.00238289908005691,0.00374342883509867,0.00383645714748075,0.0046178313190147,0.00486358115646547,0.00576882329277831,0.00716652643013058,0.00735495752737355,0.00959628582637705,0.0111941935196598,0.01103178036008,0.0117991739306587,0.0110610384736688,0.0133368191624409,0.0102135925131622,0.0124194421655532,0.0121655893402988,0.0139442551456271,0.0142409996004364,0.0117784882731021,0.0126707920269342,0.0126284023341453,0.0132721105950345,0.0139969362531315,0.01478243380985,0.0161954048064383,0.0189570674010564,0.0161854047680182,0.0201969712880132,0.0196468009284261,0.0214314422986352,0.0217049855075436,0.0218566360402948,0.0214419099141646,0.0267398196882974,0.0247879340461907,0.0286269917233505,0.0262820820863257,0.0309078249316445,0.0284040534693554,0.0310829772739381,0.0285213967414355,0.0276770497662445,0.0325038889449499,0.026558892814049,0.0279415416279801,0.0263276963066874,0.0267601038171971,0.022311760636605,0.0209904170870455,0.0196231269009694,0.0157080296964329,0.0164933606927581,0.0144986969707853,0.0117021977524466,0.00841406276874969,0.00859110592655044,0.00659650192082959,0.00633626600178477,0.00456745718901955,0.00326171993623029,0.00180793891782504,0.00140649015152274,0.000976295728995721,0.000574523958346609,0.000467568600284084,0.00036762843569153,6.42318712531283e-05,0.000184279366205007,0.000110742318370885,0,0,0,0,0,0,0,0,0,0,0,0,0,0,0,0,0,0,0,0,0,0,0,0
"16",2008,0,1,0,0,0,0,0,0,0,0,0,0,0,0,0,0,0,0,0,0,0,0,0,0,0,0,0,0,0,0.000140902515331839,6.02622100434013e-05,0.000140902515331839,0,0.000140902515331839,0.00335101313651266,0,6.13567664037587e-05,4.07865853740746e-05,0.000222203041418685,5.17862659687533e-05,0.000245030698188157,0.000241413306016675,0.000486819010756703,0.000492710022586971,0.000987199222147356,0.00130039757580806,0.00104325223461238,0.00133668227207468,0.00203843181114788,0.00167908141630946,0.00321115827608175,0.00322028877650745,0.00403291106176924,0.00525999366156598,0.00662137459186486,0.00631416617869316,0.00806470039797316,0.00727403248395952,0.00794821991612858,0.00845657785903016,0.00698639928914918,0.00786918905627966,0.00776699457544364,0.00775853514223276,0.00802080338178843,0.00936804236047867,0.00773299250926351,0.00985683816962369,0.0121690264402587,0.0142301886281737,0.0125294442103009,0.0140963250769419,0.0159148495435096,0.0163559491558898,0.0177695659653179,0.0157112087297975,0.01721704822395,0.0187910050378405,0.019286550520513,0.0153761451297252,0.0190337017381987,0.0153201442097086,0.0174359346277025,0.0157438615435476,0.0199624425836093,0.0179561122847394,0.0154626220848451,0.0165888091146255,0.0189267157828452,0.0198924833188921,0.0187395280601958,0.0198102865223627,0.0217959220491664,0.0206778167105522,0.0227249068457193,0.0244599903071375,0.022474442728156,0.0204928646181839,0.0202157447160868,0.0259164808277535,0.0245412322020718,0.0245003390577616,0.024626255662193,0.0235366392775435,0.0262126756649818,0.0232914273279933,0.0187877171669065,0.0190620724074282,0.0167584314407918,0.015284912375704,0.014138693203663,0.0103603632672618,0.00753547115190931,0.00731503120266452,0.00748251016500907,0.00366315280640011,0.0033892586470857,0.00161893237713251,0.000765667892923353,0.000502103098593887,0.000357322385282227,0.000481607767336186,0.000219582103073654,0.000208886902559411,0.000591641874263104,8.10252442100068e-05,0.000127007005826033,0.000147836987509937,0.000183766377625616,0.000291441374442089,0.000289674284420599,0.000216727465982764,0.000137950432180679,0.000159959179819734,7.05177233711846e-05,0.000119805799424845,0,3.98925512076587e-05,0,0,0,0,0,0,0,0,0,0
"17",2009,0,1,0,0,0,0,0,0,0,0,0,0,0,0,0,0,0,0,0,0,0,0,0,0,0,0,0,0,0,0,0,0.000156791800099413,0,0,7.37827963108821e-06,0.000329513502522545,0.000122911999728185,0.000153410627248597,0.00048427197813394,0.000786400691188739,0.000416084745991316,0.000625480093880165,0.000731213258145455,0.00145101831373301,0.00181400696177359,0.00149896980181753,0.00193788166790096,0.00271739730183148,0.00194450115276443,0.00288690003686327,0.00222439387280403,0.00318359355162323,0.00367437688245506,0.00406693028965055,0.00405220527880987,0.00506056090049727,0.00553290955996672,0.00601696729884052,0.00671376523582097,0.00778527413234748,0.0110397499694134,0.0124595349313798,0.0122810170967976,0.0127185355321335,0.013836623779273,0.0137443050296428,0.0168531110859057,0.0178243215521516,0.0168968967437575,0.0156426992386177,0.0170115999963425,0.0162146075047188,0.0168992604022387,0.0146945521144857,0.0177588296089482,0.0154271794954209,0.0165977187275615,0.0189293292978801,0.0191974158567093,0.0227853733015086,0.0191523513434982,0.0235997813772442,0.0195044457757267,0.019801422480127,0.018293407898471,0.0192226405686718,0.0204790182066413,0.0180864521364832,0.0182599716207695,0.0177419792630988,0.0172441233229274,0.0156324867444532,0.0187732160671324,0.0174945108837373,0.0190307998406536,0.0187919090542547,0.0179027324675696,0.018817144415095,0.0214264847644782,0.0200341615174628,0.0169908910377007,0.0182792340887182,0.0176958022285691,0.0203311092156744,0.0189680160896725,0.0158450285084323,0.0163863319206243,0.0170018922777922,0.015496683376428,0.0146089976898835,0.0134820368544803,0.0117642063174993,0.0115436137718413,0.00689825422822736,0.00670239363675675,0.00445838964931923,0.0038597113882299,0.00182088573220581,0.00149079803508628,0.00122133290273113,0.000391123753965535,0.000151884155105635,0,8.92775328126501e-05,4.52953787919914e-05,0,0,0,0,0,0,0,0,0,0,0,0,0,0,0,0,0,0,0,0,0,0,0
"18",2010,0,1,0,0,0,0,0,0,0,0,0,0,0,0,0,3.4102646098809e-05,0,0,0,0,0,0,0,0,0,0,0,0,4.22905650813695e-06,0,0,2.38970773927727e-05,0,0,1.32101297945598e-05,1.48753163722417e-05,0,9.04242179487466e-05,0.000159668855149493,0.000204350943849348,0.000430890020652919,0.000549659498460204,0.000572293541677829,0.00059871960937336,0.00133252311325889,0.00135281844514323,0.00190036599254647,0.00187112164367603,0.0025379462000416,0.00348286024227797,0.00395857386173365,0.00524660587742506,0.00682391481823477,0.00753275828261078,0.00803096125017972,0.00880387617300108,0.0092015061210504,0.0106384147709047,0.00995498920419181,0.00989753542031851,0.0102490247319252,0.011638563050229,0.0110570669979842,0.0125432199297758,0.0122301953917881,0.0129605158306588,0.0123855395191657,0.013101098771061,0.0153892037842907,0.0147771308058148,0.0139448131056258,0.0131458075531929,0.0152527666133985,0.0164005954949564,0.0214740709593903,0.016787761658197,0.0201025825432926,0.0223310090628442,0.0250015722866977,0.026564743176188,0.0263478505065855,0.0245802392928608,0.025798178825207,0.025942162874589,0.0230147552765378,0.0229914827735097,0.0220271377766449,0.0203031747386462,0.0200466976571388,0.0181264636923895,0.0179039732094937,0.0171906058492368,0.0150581345661114,0.0163337882907008,0.0169886801935425,0.0153290631246884,0.0149279752608301,0.0147048394601589,0.0136015106969569,0.0120195405029593,0.0156620559452254,0.0142838910956243,0.0152880938222395,0.0142967352206996,0.0157603054180002,0.0129794619533297,0.0144129256053915,0.0163943634059096,0.0145940015522511,0.0132741052454232,0.0114350344935036,0.00964444739096842,0.00963421699374771,0.00721092786268698,0.00648889594950513,0.0033829207484408,0.00329356495947099,0.00193217131769291,0.00131063881470851,0.001444309850622,0.000893066877989522,0.000211607239261762,5.22728540444633e-05,7.93691272740481e-06,3.81877151670777e-05,0.000115483165240441,0,0,8.5360209476568e-05,0,0,0,3.63892155138414e-05,0,0,0,0,0,0,0,0,0,0,0,0,0,0,0
"19",2011,0,1,0,0,0,0,0,0,0,0,0,0,0,0,0,0,0,0,0,0,0,0,0,0,0,0,0,0,0,0,0,0,3.61477692172725e-05,0,0,0,0,0,0,0,0,0,0,0.000300015698047275,0.000109089375944064,5.67301369761558e-05,0.000192573829012496,0.000722527333715807,0.00119572114653517,0.00105912918728686,0.00191713795335041,0.00232366554426942,0.00278139777736955,0.0039400978321124,0.00273840632588748,0.00453288813364649,0.00456862314629636,0.00662962858923952,0.00738229167489983,0.00623047134336829,0.00964921902529501,0.0117628157148416,0.0120082687330506,0.0123781139003176,0.0161188693475513,0.014592877738271,0.0178147807995423,0.0206848772381316,0.0219426989956014,0.0235973807809783,0.0234233370137448,0.0260269062879354,0.0235125283862613,0.0225084969543533,0.0259847589114718,0.0168849501952236,0.0181691214109087,0.0177052466584683,0.0184488896539248,0.0191989003632229,0.0154293692122817,0.0226859923715984,0.0203110686569311,0.019161140392663,0.0297814116453498,0.0238747834155897,0.0192880853147506,0.0250067824137903,0.0240012949381756,0.0283567587905221,0.0277880542976788,0.0250215662101991,0.0278893834830546,0.023675559982178,0.0216101538009366,0.021073191902662,0.0195507632032246,0.0184117559700736,0.0163888507304846,0.0131545271942794,0.0153983076133511,0.0152312837684879,0.010710961994258,0.0118706610498132,0.0102595613399507,0.00897959057521521,0.00983204954642173,0.00785421397477201,0.0100658095847492,0.00582733363458073,0.00628716388450646,0.00536257323815402,0.00501110691902876,0.00361374473427673,0.0021396852355108,0.00419840984646834,0.00108288932066212,0.00165028885474501,0.000275437893093686,0.000419595669842456,0.000240590581147363,0.000319428709898177,0.000105630724926174,0.000499719319656547,0.000100566187530403,0,0,0,0,0,0,0,0.000536660483129502,0,0,0,0,0,0,0,0,0,0,0.000536660483129502,0,0,0,0
"20",2012,0,1,0,0,0,0,0,0,0,0,0,0,0,0,0,0,0,0,0,0,0,0,0,0,0,0,0,0,0,0,0,0,0,0,0,0,8.90438987487553e-05,0.000160601573326524,5.86469072503363e-05,0.000125516505710698,9.78694029246557e-05,0.000207279349068324,0.000247090838838769,5.86469072503363e-05,0.000704477845695308,0.00014638303285842,4.60394345133044e-05,0.000261309439048647,0.000261978447682708,0.000445678044256736,0.000430683083927676,0.00083604254357647,0.00110427667727646,0.00158936161902776,0.00130198946764689,0.000964524200859276,0.00207730200794535,0.00245056547128987,0.00273844141061576,0.00401099812857735,0.00539294803966844,0.00677376205436711,0.00738114947542015,0.00964172176756109,0.0112447356095483,0.010709830124395,0.0154462738077251,0.0170378861723673,0.0221883511386498,0.0232888940598599,0.021151224605154,0.0215494975080365,0.0257858644432563,0.0300719333529681,0.0327325610568892,0.0316825702088461,0.0394565087016793,0.0356985222351903,0.0382401749712025,0.031370053478035,0.0379213228635782,0.0377367043826008,0.0321799483915348,0.0298147553027811,0.0306076245338486,0.0253778064907417,0.0269186598881428,0.0201722942564497,0.0172778198894194,0.0178686706071303,0.0184585863788348,0.0139980463539218,0.0150836507205648,0.0138562072130186,0.0155825367002135,0.0128187224222326,0.0184984933049578,0.0104924034023657,0.0125077480648598,0.00984727990437255,0.0134209212071812,0.0131096011318089,0.00932862658940508,0.01184503389298,0.00850720062219023,0.00948524997704108,0.0109328594276056,0.00671449368046499,0.0071591872175586,0.00595143790875891,0.00640309893539564,0.0032831124611046,0.00557559901359903,0.00304807019388443,0.00282710306605852,0.00150994774383007,0.0019275478154518,0.000844326389660392,0.000627334005317237,0.000538542315026762,0.00080585016375099,0.000360466968284044,0.000328381862367249,0.000319527539312383,0.000388750822990962,0.000164015499758174,0,0,0,0.000192220735449543,0,0.000123002693458373,0,0,0,0,0,0,0,0,0,0,0,0,0,0,0,0
"21",2013,0,1,0,0,0,0,0,0,0,0,0,0,0,0,0,0,0,0,0,0,0,0,0,0,0,0,0,0,0,0,0,0,0,0,0,0,0,6.83211602480205e-06,2.9181005243548e-05,0.000100913369188601,0.000277178535485877,0.000419821570559135,0.00012423031562187,0.00043352759770301,0.000481741063777618,0.000195411914816879,0.000390048776457388,0.000370173237344806,0.000833344697580361,0.000636914723260508,0.000939777491423342,0.00134177994991945,0.00209104622534781,0.00165242984069364,0.00254968971128708,0.00291543380792039,0.00175809596029348,0.00244710062880681,0.00297441871052983,0.00337743097856582,0.00317198996847582,0.00294994925995369,0.00334446680997849,0.0046821456881768,0.00618349148941294,0.00510424347594861,0.00435567321097532,0.00736893773517417,0.00570172804558661,0.00871437703253079,0.0127681106615491,0.0136853739996286,0.0127488438554358,0.0137561894873466,0.0149479465374395,0.021079562669399,0.0213346110805516,0.0218277573338001,0.0183486056389841,0.023388090332142,0.0292198070122206,0.0322340851931631,0.0286487414921569,0.0347435125898566,0.0343276632384396,0.0358267155047627,0.0417961855779895,0.0390463941627136,0.0369034794809364,0.03594756691968,0.0375186361204551,0.0366592606033893,0.0339990614292633,0.0296837859501551,0.031526613395826,0.0211420020069945,0.0233734543560234,0.0182088303796147,0.0212122450732732,0.0170935065312386,0.0162672963871171,0.0164573599972224,0.0117264109846603,0.0117825225827239,0.00972226190646725,0.0126306326955363,0.00770361332445209,0.0114443556510299,0.00815881113710559,0.00430549071390361,0.00564047774770975,0.00297598187190553,0.00234006410910034,0.00237505352713772,0.00247598706418405,0.000854794433059577,0.000490222258506381,0.000763764651532471,0.000176570230825858,0,0.000310975392851508,0,0,0.00047718977447405,0,0,0,0,0,0,0,0,0,0,0,0,0,0,0,0,0,0,0,0,0,0,0,0
"22",2014,0,1,0,0,0,0,0,0,0,0,0,0,0,0,0,0,0,0,0,0,0,0,0,0,0,0,0,0,0,0,0,0,0,0,0,2.30551619392393e-05,0,0,0,0,0.000704919183169092,2.30551619392393e-05,0,3.929097387905e-05,0,0.000349370420759499,0.000154306866724226,0.000397983328983102,5.05210785956435e-05,0.000223628480351721,0.00042287798480582,0.000706843848545776,0.000902898817814735,0.0012462204177186,0.00295673500305417,0.00299682414571286,0.00254663432021081,0.00371478892979056,0.00350517274868082,0.00330740684253801,0.00505437369027648,0.00680894095845367,0.006796476833993,0.00460336843626009,0.00425378566060659,0.00670410790852697,0.00408645878945781,0.00729637511153045,0.00735778106246261,0.0100688357862171,0.00471058307001642,0.00761718894651169,0.00900871048631623,0.0116922637937621,0.0116191661607615,0.0171532836619343,0.0138837680704043,0.012562983515257,0.015251548320358,0.0152710115239205,0.0155122244811559,0.0163560391159468,0.0213063900830904,0.0172130661827733,0.0247075766165929,0.0352489359764508,0.0273329105013657,0.0266404764624771,0.0376521155726405,0.030508237777702,0.0313445416786482,0.0300560352020709,0.0300646828498008,0.0369748338011891,0.0362584512972106,0.0354833426243543,0.0393143971282268,0.0393387818475426,0.0447956654591862,0.0333668272988051,0.0220500875958837,0.0264053621847827,0.0271633165665953,0.0220753752075438,0.0130545268214048,0.0147375239286471,0.00900616603005474,0.00851973933373379,0.00932128465537421,0.00379432968972568,0.00776815859972062,0.00599530589504547,0.00425570152406906,0.00246119230233544,0.00267048953632208,0.000902622772093182,0.00242252548622728,0.00128645945154732,0.000517758296789716,0,0,0,4.29966626345902e-05,0,0,0,0,0,0,0,0,0,0,0,0,0,0,0,0,0,0,0,0,0,0,0,0,0
"23",2015,0,1,0,0,0,0,0,0,0,0,0,0,0,0,0,0,0,0,0,0,0,0,0,0,0,0,0,0,0,0,0,0,0,0,0,0,0.000338604481398114,7.17965258144271e-05,0.000122873837950621,0.000472822957629716,0.000327051745682549,0.000624533155890422,0.00052736027711913,0.00177283014106207,0.00205467792297443,0.00161741592039593,0.00186381298462779,0.00332457974492386,0.00714269972035514,0.00538436073182797,0.00705250988235374,0.00664637676016613,0.00905310094479617,0.00878625927055502,0.0115116030074863,0.0113945077696981,0.00830571652876624,0.00901557650690334,0.00913425271023671,0.00823950405448128,0.00900336503698507,0.0129813435158758,0.0107320831997191,0.0134000634938191,0.0141434651501802,0.0164615056624976,0.0196853506582123,0.0171517546557596,0.0183133039929015,0.0170425730469554,0.0131151596583739,0.0137785107068873,0.0152875568694961,0.0151837011158498,0.0160688715468941,0.0154621304259561,0.0126947956845925,0.013813773015489,0.0162704720767499,0.015798742381813,0.015695590290879,0.0149549132693319,0.0104010788376776,0.0176163458455586,0.0164327838461726,0.0168705347460154,0.0150878213167064,0.0166567199840896,0.0196354449799731,0.0150185478793458,0.0158845228692992,0.0161105964962987,0.017438194416843,0.0194421232775477,0.0172413444368942,0.0185164037860885,0.0204741068164086,0.0230551021869468,0.0213009395044848,0.019309225692432,0.0223890387106355,0.0219464624637287,0.0223491725508344,0.020962205509013,0.0192487980651341,0.0203432585572535,0.0166945965681115,0.0195952350118184,0.0158378770096799,0.0150748362483829,0.00993829436153837,0.00963679514673984,0.00856234432482601,0.00700048398214237,0.00268876586383987,0.00373364954872365,0.00168990758894457,0.0021852645040803,0.000603770916864368,0.000760595794124795,0.000233563864177004,5.61178121187398e-05,0.00012367346689987,1.48010866464388e-05,0,1.48010866464388e-05,0,0,0,0,0,0,0,0,0,0,0,0,0,0,0,0,0,0,0,0,0,0
"24",2016,0,1,0,0,0,0,0,0,0,0,0,0,0.00110380604749722,0,0,0,0,0,0,0,0,0,0,0,0,0,0,0,0,0,0,0,0,0,0,4.49596678976031e-05,0.00073679371240044,0.000840954914124465,0.000164244848648707,0.000410240321924313,0.000647945049652157,0.000256873441238332,0.000192155222059875,0.000330685512312152,0.000157678401710312,0.000444830569647976,0.000817188678075588,0.00105269846576194,0.00101741509173303,0.00122849281084242,0.00223351731990352,0.00166627566239437,0.00162074140156398,0.00234193590969327,0.00311133021401102,0.00325544660865861,0.00255091507981806,0.0029513637432765,0.00387237510953705,0.00381391184324985,0.00360903427987871,0.00468518796371583,0.00454895725765521,0.00404440068311011,0.00617306460151214,0.00665586901022768,0.0098119383729711,0.00854043849354073,0.00751377380992263,0.0115560472622508,0.0154205220496619,0.0158878261499722,0.0219342849245657,0.0138580301446113,0.0206127328869478,0.0200663864084651,0.020706444557524,0.0213898668258557,0.0224819802500256,0.0236213061677005,0.0229083068876924,0.0240905897911138,0.0353076415285817,0.025258826593577,0.0274109487227791,0.0243194389919622,0.0284836376792179,0.0165707318497275,0.0283266542201541,0.0218933451338341,0.0258715933297774,0.023140883560935,0.0217960792395575,0.0237207696258963,0.0246549945589157,0.0233687192682079,0.0200748578478456,0.0213327365800904,0.0164599091013543,0.0234489721768284,0.0187108695524004,0.0206015111566057,0.0184751439411446,0.0160478887768681,0.018439042220444,0.0168556635586836,0.020386038529518,0.0133983715787721,0.0121437958930363,0.0127301912573022,0.0096479340769264,0.0110409495446499,0.00913609833902006,0.00560689949448381,0.0056509105700245,0.00376089894058387,0.00379329535340873,0.00182981109761666,0.00187639191183342,0.000126883331027483,0.00031811037972141,0.000876079323896221,0,8.07904944212474e-05,4.39262418155624e-05,0,0,0,0,0,0,0,0,0,0,0,0,0,0,0,0,0,0,0,0,0,0,0
"25",2017,0,1,0,0,0,0,0,0,0,0,0,0,0,0,0,0,0,0,0,0,0,0,0,0,0,0,0,0,0,0,0,0,0,0,4.29636247645586e-05,0,0,7.75820250093768e-05,1.62235067408736e-05,0.000128462354713623,0.000199591363485662,9.65510525237176e-05,7.61746413357373e-05,0.000201771492661351,0.000744736668554495,0.000772991677559743,0.00104625516294848,0.00227458493851826,0.00341126020869723,0.00375707774619955,0.00458246687367463,0.00688406402729972,0.00507248418265285,0.00802412559146257,0.00841885567229509,0.0111774829849583,0.0107580600211817,0.0120810140328558,0.0104223433016422,0.0117347071420143,0.0093842314764941,0.0112731542412751,0.0109694077788268,0.0106497455080382,0.0120316538062783,0.012325910982745,0.0135563066701681,0.0135919476813611,0.0155098755641777,0.0173676294622752,0.0160740843842608,0.0168028828721697,0.0173483577091634,0.0189228404346204,0.0178425254719502,0.0161137395344819,0.0183330588696197,0.0211393172044744,0.0210090293210507,0.0200948512152904,0.0196229391506628,0.0206108112342191,0.0209646636731155,0.0197254813007374,0.0263367681754168,0.0215907205335921,0.0221433462578051,0.0244790891517739,0.0236361948504065,0.0212841151123488,0.0192859940410682,0.026303439879261,0.0199822484073153,0.0259176021838003,0.0246149111217731,0.0217221865225185,0.0183360874948067,0.0190968009332385,0.0186092702469622,0.0175694705762937,0.0203654144757742,0.0174026488467572,0.0137806418153965,0.0135060963246765,0.0108592888700454,0.0122338158126608,0.0122350381643339,0.0077051608595432,0.00822587898345779,0.00979744773781848,0.00896934458187367,0.00689718153987122,0.00361091590628493,0.00172641621191271,0.00406910533906195,0.000925503127717014,0.00115292899065593,0.000957371475548465,6.42444584355804e-05,0.000110050613269656,6.73784933754905e-05,0,0.000284074048884476,0.000879531993057837,0,0,0,0,0,0,0,0,0,0,0,0,0,0,0,0,0,0,0,0,0,0,0,0
"26",2018,0,1,0,0,0,0,0,0,0,0,0,0,0,0,0,0,0,0,0,0,0,0,0,0,0,0,0,0,0,0,0,0,2.2512607809388e-05,0,0.000141423325598267,0,0.000109251363094674,0,8.1931239485568e-05,0.000162673390779333,0.000418781987963394,0.00123179864005234,0.001120710677001,0.000432420228036208,0.00121791732850406,0.00156579546987688,0.000888397845882361,0.00144933425046918,0.00103054805999363,0.00249570719430045,0.00296748808116586,0.0035465779659654,0.00696316359306876,0.00249020276146555,0.0128163300058963,0.00665887836764367,0.00776255805603305,0.0210724976867057,0.0180663599494978,0.016292530454463,0.0299772905916282,0.0178083747949145,0.0207258218225909,0.0182143002306082,0.0239387906203516,0.0142829560640915,0.0283920795103401,0.0181613149517558,0.0202828834384612,0.0189100651707749,0.0194259842499853,0.0288952830103381,0.0263758645217262,0.0235135868444607,0.0202773206538407,0.0194070872448499,0.0209621465070407,0.0182022332609498,0.0169117306665648,0.0185546848064365,0.0218103150416802,0.018120383002484,0.0211018780614936,0.0142706019757259,0.0245768253813851,0.018010233774955,0.0199416521928065,0.0202717423844224,0.017458900527328,0.0150286210698874,0.0202813178648141,0.0158295735298886,0.0234801051842514,0.0166275354218588,0.0181376118215702,0.0234036710064608,0.0157528513696764,0.0112816198379593,0.0159001089830184,0.0104910405112589,0.0100634465732554,0.0105908010323983,0.0114058071139883,0.0134298287958614,0.00991908130294493,0.00788339631484113,0.0081635369074098,0.00509894890715643,0.0041797606801348,0.00579850171170462,0.0049469514620585,0.0044364904035269,0.00188359132509022,0.00181338225781119,0.00102802714551256,0.000672865907729662,0.000635105372265688,0.00142290079300427,2.77249941621977e-05,0.000138367492005292,2.78815685534032e-05,0.00021571175159952,0.00021571175159952,0,0,0,0,0,0,0,0,0,0,0,0,0,0,0,0,0,0,0,0,0,0,0,0,0
"27",2019,0,1,0,0,0,0,0,0,0,0,0,0,0,0,0,0,0,0,0,0,0,0,0,0,0,0,0,0,0,0,0,0,0,0,0,0,0,0,0,0,8.99876272349002e-06,0,2.49307226129525e-05,8.47263530693505e-05,9.37986808246841e-05,0.00013491684010883,0.000544664169427783,0.00124812183863325,0.000792707320820004,0.00268584584305996,0.00455234971868044,0.00164282653901835,0.00388781278988533,0.00292681158478013,0.00877604147909972,0.0038299768939343,0.00397002384885391,0.00798257284444056,0.013178367260613,0.00948921032544185,0.0135737767048559,0.0154602184461226,0.014084703466318,0.0221730572234508,0.0207336889495247,0.0221992138875715,0.0250277382590923,0.0263397924385707,0.0227088049970302,0.0232176826478785,0.0241058759809717,0.0245894384330377,0.030675424239829,0.0346765441145916,0.0204044644000853,0.0255697084393408,0.0278303336913923,0.0305616821338448,0.0226010019943688,0.0218050891869929,0.018856726911998,0.016592336726593,0.0270184697769578,0.0303870208867208,0.0224089534626108,0.0255407229746536,0.0134143314304939,0.0219112112094465,0.0112574619432321,0.0205939002286203,0.0119138193944816,0.0181345678290875,0.013814968714602,0.0235004173056225,0.0221325580002083,0.0226078222987246,0.0137572247818094,0.0198952961034285,0.0101211273628549,0.015208746251185,0.00935532208046484,0.0136118231240873,0.00713375943563297,0.00609005071725091,0.0107568010795716,0.013173951346619,0.00558441424020112,0.00331134154776489,0.00396224666508033,0.004341584355295,0.00325475305180046,0.00171080269252597,0.00226124690700162,0.000934488610315191,0.000478477547948959,0.000328712534841408,0.000335172421944197,7.60426885828824e-05,0,2.13060028827111e-05,0,0,0,1.70759059600123e-05,0,0,0,0,0,0,0,0,0,0,0,0,0,0,0,0,0,0,0,0,0,0,0,0
"28",2020,0,1,0,0,0,0,0,0,0,0,0,0,0,0,0,0,0,0,0,0,0,0,0,0,0,0,0,0,0,0,0,0,0,0,0,0,0,0,0,0,0.00153061798344708,0,0.000100626992626922,0.000142317234260051,0.00321810553439348,0.00111292399647025,0.000500667766169031,0.00226952112051943,0.00304965480811567,0.00230917347797032,0.00257534388992682,0.00330821878792181,0.00434049733240774,0.00828836342861264,0.00613771900233617,0.00868175833525333,0.00834877469035267,0.0154701161463719,0.0104417605606402,0.0171432540820642,0.0316226945258495,0.0201194404392571,0.0256877109836973,0.0239646217465115,0.0256866782617034,0.0234891644861448,0.0433295423431901,0.029960256662658,0.0361737499940677,0.0442372539572521,0.054329480063341,0.0473869152145384,0.0375902102306818,0.0206448000186476,0.044095390493814,0.0191523194751375,0.0176568427351213,0.031676611142475,0.0465536575497844,0.0393974301871694,0.0211597047880901,0.00962679265586593,0.00857147756327619,0.0143478335779769,0.00942942148667113,0.0127908160318142,0.00477438763987706,0.0156156594572803,0.0107882661493778,0.01102131058325,0.00418503529268088,0.011307606586575,0.00477434027318163,0.00401690974636661,0.00408242162253252,0.00656730338718146,0.00749217171224674,0.00986695914470846,0.00607972485005012,0.00784983754743124,0.00152889717202234,0.00993926991128096,0.00183811371033214,0.0112581628081921,0.00224322941546441,0.00577917157728294,0.00104474187830138,0.000712553739386569,0.00516859259193152,0.00597808527495947,0.000250657080122692,0.000472763883649178,0.00124848855055467,0.00601706743610265,0.000314484801746359,6.26566572257609e-05,7.08977341082611e-05,0,0,0,0,0,0,0,0,0,0,0,0,0,0,0,0,0,0,0,0,0,0,0,0,0,0,0,0,0,0,0
"29",2021,0,1,0,0,0,0,0,0,0,0,0,0,0,0,0,0,0,0,0,0,0,0,0,0,0,0,0,0,0,0,0,0,0,3.7544033616907e-06,0,0,0.000249571432589413,0,0.000237090643994666,0,0.000136159411311971,8.86004676827816e-06,0.00023018705948616,0.00010273982704026,0.00112161197052618,0.00258962020369471,0.00358285099748083,0.00480577160343085,0.00392230381066351,0.00628629514314012,0.00439772263262376,0.00412320146520326,0.00784743192832621,0.00911624850075702,0.00878606721022296,0.0102577952566703,0.0146156859644115,0.017221523266598,0.0140515451125811,0.0187537133403431,0.0230855844879759,0.0242867251314231,0.026406608799228,0.0280957135684053,0.0256243232595332,0.0256590131125483,0.030436276651667,0.0311625651421297,0.0317554303782062,0.0301167409174392,0.0302595365368543,0.0318011323681259,0.0291836693149147,0.0294449331964572,0.0327240710021025,0.0205588240729699,0.0214219000888415,0.0205490049341703,0.0245917032082893,0.0149782747379593,0.0173980397496096,0.017491428139663,0.0141565234490512,0.0180474741838916,0.0198234812562708,0.0180503180184892,0.0176947163330938,0.0125966912690075,0.0117242962561478,0.0162152493861277,0.0177242725024118,0.0101572060023423,0.0109423174975249,0.00922486236569484,0.0110135138667498,0.0120561691583899,0.00874707211538872,0.00657418766277654,0.00743980768415119,0.00959499184023797,0.00684800459895151,0.00613103239138395,0.00702213804929565,0.00709430303091381,0.00955662233319248,0.00608656970160459,0.00337066305878348,0.00504401573327783,0.00604594506757736,0.00318725534112742,0.00305073815383994,0.000889549838433186,0.00127312158457185,0.00144139477943393,0.000391998666963453,0.00022977054619068,7.2209381161467e-05,0.0006762714279556,7.88544162376756e-05,2.71708100893864e-05,8.43857355632881e-05,0,0,0,0.000135584475963871,0,0,0,0,0,0,0,0,0,0,0,0,0,0,0,0,0,0,0,0,0,0,0
"30",2022,0,1,0,0,0,0,0,0,0,0,0,0,0,0,0,0,0,0,0,0,0,0,0,0,0,0,0,0,0,0,0,0,0,0.00289843699429593,0.000147872095910579,0,0,0,0.00289843699429593,0,0,7.01582936802019e-05,0.0054340768872945,0,0,0.000551548166392307,0.000172747348437433,0.00362895798826065,0.00127521334224363,0.00148095221541941,0.00740447787839874,0.00338653835225983,0.0124822008270742,0.0111149872200577,0.0174335403897154,0.00394074523382599,0.00894386051780736,0.00825134439758692,0.00801140782388888,0.00665435713742539,0.0159203953080273,0.0120460497980817,0.030162140222412,0.0141156054822558,0.0226009617755596,0.0278853366044266,0.0358792652039397,0.0216142172448517,0.0235198356683478,0.0285375011741204,0.0199499264232651,0.00926216567021832,0.0123024020663363,0.0186965131705846,0.0137263973459388,0.0114579135097293,0.0145192026704148,0.0162318487329572,0.0227670295987158,0.0208014451617296,0.0210196723591471,0.0123988375982722,0.0161324997335973,0.0236023480610757,0.0154265088847407,0.0139756817507458,0.0154305906996461,0.0381387756868119,0.0190278942354574,0.0228470653224321,0.0214777330243942,0.017981282668192,0.0171580149412296,0.023134576107836,0.0307497892692062,0.0178724082509957,0.0165730796458902,0.0208532827595155,0.0145234435746897,0.00899912337654228,0.0180924604933862,0.0164319131679468,0.0115084624631537,0.0167555657272886,0.00924142486508899,0.0132798216676174,0.00599726951454779,0.0018016293597033,0.00565508669487105,0.0018626968095927,0.00463967582585769,0.00037221500446482,0.00745540876403348,0.00030727850942034,0.000771464063902465,4.02512176809926e-05,0,0.000286754964842439,0,0,0,0,0,0,0,0,0,0,0,0,0,0,0,0,0,0,0,0,0,0,0,0,0,0,0,0,0,0
